,Target Sentence,CIK (unique co. identifier),Company,Industry,"Accession No. (""ADSH"", unique filing identifier)",Comment,finder's initials,Filing/Link,,
.,"Additionally, in April 2021, we announced strengthened commitments to reduce our carbon footprint, including joining the Amazon Climate Pledge, which calls for reducing our carbon emissions to net-zero by 2040.",766421,Alaska Airlines Group,Industrials,,,lc,10-Q March 2021,,
.,"CORSIA is intended to achieve carbon-neutral growth in the international aviation sector from 2021 through 2035 by requiring airlines to compensate for the growth in carbon dioxide (CO2) emissions, relative to a predetermined baseline, of a significant majority of international flights through the purchase of carbon offsets or the use of low-carbon fuels.",6201,American Airlines Group,Industrials,,,lc,10-K Dec 2020,,
.,"In 2019, we announced a goal to reduce our Scope 1 and 2 carbon intensity 40 percent by 2025.",1043277,C. H. Robinson Worldwide,Industrials,,,lc,10-K Dec 2020,,
.,"The strategy includes eight specific goals to achieve by 2030, including science-based carbon dioxide reduction targets for newly sold products and facilities, as well as aspirational targets for 2050.",26172,Cummins Inc,Industrials,,,lc,10-K Dec 2020,,
.,"Partnering with customers to improve the fuel efficiency of our products in use, targeting an annual run-rate reduction of 3.5 million metric tons of carbon dioxide; utilizing the most efficient methods and modes to move goods across our network to reduce carbon dioxide per kilogram of goods moved by 10 percent by the end of 2020.",26172,Cummins Inc,Industrials,,,lc,10-K Dec 2020,,
.,"In February 2020, we announced plans to invest $1.0 billion over the next 10 years in our effort to achieve carbon neutrality from March 1, 2020 forward, a commitment we have reiterated despite the challenges faced during the COVID-19 pandemic",27904,Delta Air Lines,Industrials,,,lc,10-Q June 2021,,
.,our ability to achieve our goal of carbon neutrality for our global operations by calendar 2040;,1048911,Fedex Corp,Industrials,,Maybe some of this one was cut off?,lc,10-Q June 2021,,
.,"In April 2020, we published our first company Climate Action Plan committing to 100% renewable energy for our operations in 20201, net zero carbon for our operations and business travel in 2020, and being carbon negative for our operations and business travel by 2030.",52988,Jacobs Engineering Group,Industrials,,,lc,10-K Oct 2020,,
.,"As part of the CORSIA program, the Company is currently monitoring its international emissions for reporting purposes, The MAX is critical to the Company's efforts to modernize its fleet, reduce carbon emissions intensity, and achieve carbon neutrality by 2050.",92380,Southwest Airlines,Industrials,,,lc,"10-K Dec 2020, 10-Q June 2021",,
.,"Reduce absolute Scope 1 and 2 greenhouse gas emissions 35% by 2030(2), aligned with SBTi(2)",1060391,Republic Services,Industrials,,,lc,10-K Dec 2020,,
.,"The carbon positive target includes third-party approved science-based targets to reduce absolute scope 1 and 2 greenhouse gas emissions by greater than 100% by 2030, and to reduce supply chain emissions by 35%",93556,Stanley Black & Decker Inc,Industrials,,,lc,10-K Jan 2021,,
.,"Additionally, while we met our commitment to reduce energy consumption and the greenhouse gas footprint of our operations by 35 percent by 2020, on a normalized basis, our 2030 commitment requires a much more stringent absolute energy use reduction by 10 percent.",1466258,Trane Technology,Industrials,,,lc,10-K Dec 2021,,
.,"In 2018, we became the first U.S. airline to establish a climate goal of reducing our emissions 50% by 2050 versus our 2005 baseline. In 2020: We pledged to become 100% green by reducing our GHG emissions by 100% by 2050—without relying on voluntary carbon offsets.'",100517,United Airlines Holdings Inc,Industrials,,,lc,10-K Dec 2020,,
.,"In 2015, we set a goal to achieve at least a 3% absolute reduction in our GHG emissions year-over-year and at least a 26% absolute reduction, compared to our 2015 baseline, by 2025.",8818,Avery Dennison Corp,Materials,,,lc,10-K Jan 2021,,
.,"In 2019, the Company announced nine new sustainability goals, including an Acting on Climate goal to achieve a 30 percent reduction in absolute greenhouse gas (GHG) emissions by 2030 and carbon neutral operations by 2050",1666700,DuPont de Nemours,Materials,,,lc,10-K Dec 2020,,
.,"By 2030, Dow expects to reduce its net annual carbon emissions by five million metric tons, or 15 percent from its 2020 baseline. Additionally, Dow intends to be carbon neutral by 2050, in alignment with the Paris Agreement. By 2030,",1751788,Dow Inc,Materials,,,lc,10-K Dec 2020,,
.,"Additionally, Dow intends to be carbon neutral by 2050, in alignment with the Paris Agreement. By 2030,",1751788,Dow Inc,Materials,,,lc,10-K Dec 2020,,
.,"To further bolster our climate commitment, in 2019 we announced new goals to reduce our GHG emissions by half by 2030 and achieve net zero by 2050, in alignment with the United Nations Global Compact’s Business Ambition for 1.5⁰C.",31462,Ecolab,Materials,,,lc,10-K Dec 2020,,
.,"In 2020, we further committed to move to 100% renewable energy by 2030 and set a science-based target (SBT) addressing our Scope 1, 2 and 3 GHG emissions.",31462,Ecolab,Materials,,,lc,10-K Dec 2020,,
.,"Our SBT commits us to reduce absolute Scope 1 and 2 emissions by 50% by 2030 from a 2018 base year, and to work with our suppliers representing 70% of our Scope 3 emissions to set science-based reduction targets by 2024.",31462,Ecolab,Materials,,,lc,10-K Dec 2020,,
.,"Eastman has committed to reduce greenhouse gas emissions by one-third by 2030 in order to achieve carbon neutrality by 2050, and to innovate to provide products that enable energy savings and greenhouse gas emissions reductions to customers and end-users.",915389,Eastman Chemical Company,Materials,,,lc,10-K Dec 2020,,
.,Our 2030 intensity reduction targets for energy and greenhouse gas emissions are both 25 percent from our 2018 baseline year.,37785,FMC Corp,Materials,,,lc,10-K Dec 2020,,
.,"As part of our Vision 2030, we have committed to incremental reductions in our Scope I, II and III greenhouse gas emissions: 35% reduction by 2030.",51434,International Paper Company,Materials,,,lc,10-K Dec 2020,,
.,These include goals to reach net zero Scope 1 and 2 greenhouse gas emissions for our direct operations and zero waste to landfill at our wholly owned and operated parks and resorts by 2030.DISNEY MEDIA AND ENTERTAINMENT DISTRIBUTIONThe DMED segment encompasses the Company’s global film and episodic television content production and distribution activities.'),1744489,The Walt Disney Company,Communications,0001744489-21-000220,0.60729146,lc,10-K,,
x,"In March 2021, we announced our intent to achieve net zero by 2050, including net zero in our own operations by 2030. We plan to publish our net zero plan by early 2022, which will include interim 2030 targets for some of the most carbon intensive sectors in our portfolio — Energy and Power.",831001,Citibank,Finance,website,,sa,,,
x,"In December 2020, we announced that we would develop science-based targets within the next 24 months, including to achieve net zero emissions from our operations, supply chain and financing activities no later than 2050, with intermediate emission goals for 2030.",1159510,CreditSuisse,Finance,,,sa,,,
x,"In addition, we announced aligning our financing with the Paris Agreement objective of limiting global warming to 1.5°C.""",1159510,CreditSuisse,Finance,0001370368-21-000024,,sa,,,
x,"Our goal of being net zero for our financed emissions by 2050 sends an important signal to our investors, our customers and our people - if our clients are prepared to change their business models and make that transition, we will help and support them to do so.",1159510,,Finance,0001370368-21-000024,,sa,,,
x,"HSBC was also delighted to be one of the founding signatories of the Terra Carta, which was launched last month by HRH The Prince of Wales’ Sustainable Markets Initiative.",1089113,HSBC,Finance,,Taret by refence to pact?,sa,,,
x,We aim to bring our operations and supply chain to net zero by 2030 or sooner.,1089113,HSBC,Finance,,No accession no. because foreign entity?,sa,,,
x,We also plan to align our financed emissions – the carbon emissions of our portfolio of customers – to the Paris Agreement goal to achieve net zero by 2050 or sooner.,1089113,HSBC,Finance,,No accession no. because foreign entity?,sa,,,
x,"In October 2020, we announced our ambition to achieve net zero in our own operations and our supply chain by 2030 or sooner.",1089113,HSBC,Finance,,No accession no. because foreign entity?,sa,,,
.,"Our target is to achieve net zero carbon emissions by 2040, ten years ahead of the Paris Climate Agreement.",1158463,Jetblue,Transportation,0001628280-21-003705,,sa,,,
.,"Additionally, in April 2021, we announced strengthened commitments to reduce our carbon footprint, including joining the Amazon Climate Pledge, which calls for reducing our carbon emissions to net-zero by 2040.",766421,Alaska Airlines,Transportation,0000766421-21-000041,,sa,,,
.,"In 2020, ADM announced new environmental goals, collectively called “Strive 35” – an ambitious plan to, by 2035, reduce absolute greenhouse gas emissions by 25 percent, reduce energy intensity by 15 percent, reduce water intensity by 10 percent, and achieve a 90 percent landfill diversion rate, as part of an aggressive plan to continue to reduce the Company’s environmental footprint.",7084,Archer Daniels Midland,Consumer Staples,,,rl,10-Q June 2021,,
.,"Our 2025 sustainability and mindful snacking goals include:•Minimizing food waste, end-to-end CO2 emissions and priority water usage by 2025",1103982,Mondelez International,Consumer Staples,,,rl,10-K Dec 2020,,
.,"We have achieved significant progress toward our carbon-reduction goal of 75 percent by 2030 (over a 2009 baseline), from both operational reductions and renewable sourcing.",764478,Best Buy Company,Consumer Discretionary,,,rl,10-K Jan 2021,,
.,"In fiscal 2021 we signed The Climate Pledge, committing to be carbon neutral across our operations by 2040 – a decade earlier than our previous goal of 2050.",764478,Best Buy Company,Consumer Discretionary,,,rl,10-K Jan 2021,,
.,"Since 2008, we have reduced our greenhouse gas emissions per restaurant by 18 percent, as measured in accordance with the Corporate Accounting and Reporting Standard of the Greenhouse Gas Protocol.",940944,Darden Restaurants,Consumer Discretionary,,,rl,10-K May 2021,,
.,Our new Net Zero by 2030 goal includes a 50% absolute reduction in our Scope 1 and 2 greenhouse gas emissions and a 13.5% absolute reduction in our Scope 3 greenhouse gas emissions.,1370637,Etsy Inc,Consumer Discretionary,,,rl,10-K Dec 2020,,
.,"We are committed to meeting the electricity needs of our operations worldwide with renewable energy by 2035, pulling forward our previous commitment by five years, and plan to be carbon neutral by 2040 in our global products and operations, supported by a commitment to science-based targets.",1467858,General Motors Company,Consumer Discretionary,,,rl,10-K Dec 2020,,
.,"Reducing energy consumption by 25%, greenhouse gas emissions by 20%, waste to landfill by 59%, and water consumption by 15%, by the end of 2025.",46080,Hasbro Inc,Consumer Discretionary,,,rl,10-K Dec 2020,,
.,"Planet: By 2030, reduce greenhouse gas emissions by at least 25% to align with science-based targets, reduce water use by 25%, use 100% renewable electricity in company-owned operations, and bring landfill waste to zero.",1359841,Hanesbrands Inc,Consumer Discretionary,,,rl,10-K Jan 2021,,
.,"These include goals and initiatives to reduce System greenhouse gas emissions, eliminate deforestation from our global supply chain, responsibly source ingredients and packaging, and increase the availability of recycling in restaurants to reduce waste, which the Company recognizes are increasingly important to customers.",63908,McDonald's Corp,Consumer Discretionary,,Soft Statement. No specified year.,rl,10-K Dec 2020,,
.,The Social Impact and Sustainability team stewards our commitment to Focus on What Matters: and Reduce carbon emissions per square foot by 45%.,789570,MGM Resorts International,Consumer Discretionary,,Soft Statement. No specified year.,rl,10-K Dec 2020,,
.,"Our sustainability goals include the reduction of greenhouse gases and other harmful air emissions, water conservation, energy conservation and carbon footprint minimization.",945841,Pool Corp,Consumer Discretionary,,Soft Statement. No specified year.,rl,10-K Dec 2020,,
.,"Reduce negative impacts — Our ambition is for our products and business operations to generate zero waste, zero carbon emissions and zero hazardous chemicals.",78239,Phillips-Van Heusen Corp,Consumer Discretionary,,Soft Statement. No specified year.,rl,10-K Jan 2021,,
.,"We have set a target to reduce our gross operated (scope 1 and 2) emissions intensity by 35 to 45 percent from 2016 levels by 2030, with an ambition to achieve net zero by 2050 for operated emissions.",1163165,ConocoPhillips,Energy,,,ng,10-K,https://www.sec.gov/ix?doc=/Archives/edgar/data/1163165/000156276221000027/cop10k2020.htm,
x,Scenario analyses resulted in Entergy developing and publishing a new goal of reducing the Utility’s emission rate by 50 percent from 2000 levels by 2030.,65984,Entergy Corp,Energy,,,ng,10-K,https://www.sec.gov/ix?doc=/Archives/edgar/data/65984/000006598421000096/etr-20201231.htm,
x,"In September 2020, Entergy committed to achieving net-zero carbon emissions by 2050, while continuing its commitment to grid reliability and affordability for customers.",65984,Entergy Corp,Energy,,,ng,10-K,https://www.sec.gov/ix?doc=/Archives/edgar/data/65984/000006598421000096/etr-20201231.htm,
.,"These plans include a reduction of the intensity of operated upstream greenhouse gas emissions by 15 to 20 percent in 2025, compared to 2016 levels, which will be supported by a 40 to 50 percent decrease in methane intensity and a 35 to 45 percent decrease in flaring intensity across the Corporation’s global operations.",34088,ExxonMobil,Energy,,,ng,10-K,https://www.sec.gov/ix?doc=/Archives/edgar/data/34088/000003408821000012/xom-20201231.htm,
.,The 2025 emission reduction plans are expected to result in a reduction of absolute emissions by approximately 30 percent for the Company’s current Upstream business by 2025 when compared to 2016 levels.,34088,ExxonMobil,Energy,,,ng,10-K,https://www.sec.gov/ix?doc=/Archives/edgar/data/34088/000003408821000012/xom-20201231.htm,
x,Southern Company has established an intermediate goal of a 50% reduction in carbon emissions from 2007 levels by 2030 and a long-term goal of net zero emissions by 2050.,92122,Southern Company,Energy,,,ng,10-K,https://www.sec.gov/ix?doc=/Archives/edgar/data/92122/000009212221000006/so-20201231.htm,
x,Dominion Energy has set a goal to achieve net zero emissions by 2050.,715957,Dominion Energy,Energy,,,ng,10-K,https://www.sec.gov/ix?doc=/Archives/edgar/data/715957/000156459021008442/d-10k_20201231.htm,
x,Generating cleaner energy and working to achieve net-zero carbon emissions by 2050 and net zero methane emissions by 2030.,1326160,Duke Energy,Energy,,,ng,10-K,https://www.sec.gov/ix?doc=/Archives/edgar/data/1326160/000132616021000063/duk-20201231.htm,
x,The intermediate goal is an 80% reduction from 2000 CO2 emission levels from AEP generating facilities by 2030; the long-term goal is net-zero CO2 emissions from AEP generating facilities by 2050.,4904,American Electric Power,Energy,,,ng,10-K,https://www.sec.gov/ix?doc=/Archives/edgar/data/4904/000000490421000010/aep-20201231.htm,
x,"In November 2020, we announced clean energy goals to reduce GHG emissions intensity for our Electric Utilities of 40% by 2030 and 70% by 2040 and achieve GHG reductions of 50% by 2035 for our Gas Utilities. ",12400,Black Hills Corp,Energy,,,ng,10-K,https://www.sec.gov/ix?doc=/Archives/edgar/data/1130464/000113046421000007/bkh-20201231.htm#i613097b9d1294774a5ea2868b1cfbbd0_82,
x,Colorado Electric has achieved an approximate 50% reduction in GHG emissions since 2005 and is on track to reach Colorado’s 80% carbon reduction goal by 2030.,12400,Black Hills Corp,Energy,,,ng,10-K,https://www.sec.gov/ix?doc=/Archives/edgar/data/1130464/000113046421000007/bkh-20201231.htm#i613097b9d1294774a5ea2868b1cfbbd0_82,
x,"In July 2020, we announced new goals to reduce CO2 emissions from our electric generation by 70% below 2005 levels by 2030 and to be net carbon neutral by 2050.",783325,WEC Energy Group,Energy,,,ng,10-K,https://www.sec.gov/ix?doc=/Archives/edgar/data/783325/000010781521000079/wec-20201231.htm,
x,We added a near-term goal in November 2020 to reduce CO2 emissions by 55% below 2005 levels by 2025.,783325,WEC Energy Group,Energy,,,ng,10-K,https://www.sec.gov/ix?doc=/Archives/edgar/data/783325/000010781521000079/wec-20201231.htm,
x,"Reduce GHG emissions associated with the power served to customers by 80% by 2030 (2010 baseline year), and setting an aspirational goal for zero GHG emissions associated with the power served to customers by 2040.",784977,Portland General Electric Company,Energy,,,ng,10-K,https://www.sec.gov/ix?doc=/Archives/edgar/data/784977/000078497721000007/por-20201231.htm,
x,"Net-zero operational and energy use emissions before 2040, with an ambition to achieve before 2035; Net-zero total emissions inventory including product use with an ambition to achieve before 2050.",797468,Occidental Petroleum,Energy,,,ng,10-K,https://www.sec.gov/ix?doc=/Archives/edgar/data/797468/000079746821000009/oxy-20201231.htm,
x,OG&E expects to further reduce carbon dioxide emissions to 50 percent of 2005 levels by 2030.,74145,Oklahoma Gas and Electric Company,Energy,,,ng,10-K,https://www.sec.gov/ix?doc=/Archives/edgar/data/1021635/000102163521000026/oge-20201231.htm,
x,"FirstEnergy pledged to achieve carbon neutrality by 2050 and set an interim goal for a 30% reduction in greenhouse gases within the company’s direct operational control by 2030, based on 2019 levels.",1031296,FirstEnergy,Energy,,,ng,10-K,https://www.sec.gov/ix?doc=/Archives/edgar/data/1031296/000103129621000020/fe-20201231.htm,
x,"In connection with the 2020 IRP filing, Ameren established a goal of achieving net-zero carbon emissions by 2050.",1002910,Ameren,Energy,,,ng,10-K,https://www.sec.gov/ix?doc=/Archives/edgar/data/1002910/000100291021000065/aee-20201231.htm#if2f6a31d3bf04a31946c203851e6d676_40,
x,Ameren is also targeting a 50% CO2 emission reduction by 2030 and an 85% reduction by 2040 from the 2005 level.,1002910,Ameren,Energy,,,ng,10-K,https://www.sec.gov/ix?doc=/Archives/edgar/data/1002910/000100291021000065/aee-20201231.htm#if2f6a31d3bf04a31946c203851e6d676_40,
x,"In 2020, Evergy achieved a reduction of CO2 emissions of approximately 50% from 2005 levels and announced a goal to achieve an 80% reduction from 2005 levels by 2050.",1711269,Evergy,Energy,,,ng,10-K,https://www.sec.gov/ix?doc=/Archives/edgar/data/1711269/000171126921000023/evrg-20201231.htm,
x,"In August 2020, Evergy also announced a five-year Sustainability Transformation Plan (STP), which seeks to optimize and enhance value creation for stakeholders and has the potential to reduce CO2 emissions by as much as 85% by 2030 compared to 2005 levels.",1711269,Evergy,Energy,,,ng,10-K,https://www.sec.gov/ix?doc=/Archives/edgar/data/1711269/000171126921000023/evrg-20201231.htm,
x,"During 2020, Consumers announced a goal of achieving net-zero carbon emissions from its electric business by 2040.",811156,CMS Energy Corporation,Energy,,,ng,10-K,https://www.sec.gov/ix?doc=/Archives/edgar/data/201533/000081115621000016/cms-20201231.htm,
x,"In October 2021, the company announced its aspiration to achieve net zero for Upstream production Scope 1 and 2 GHG emissions on an equity basis by 2050.",93410,Chevron,Energy,,,ng,10-Q,,
x,"The company’s PCI target is 71 grams (g) carbon dioxide equivalent (CO2e) per megajoules (MJ) by 2028, a greater than five percent reduction from 2016.",93410,Chevron,Energy,,,ng,10-Q,,
.,"In our third decade of climate action, we’ve set our most ambitious goal yet: to run our business on carbon-free energy everywhere, at all times, by 2030.",1652044,Alphabet,Tech,,,ng,10-K,,
.,"In January 2020, we announced a bold commitment and detailed plan to be carbon negative by 2030, and to remove from the environment by 2050 all the carbon we have emitted since our founding in 1975.",789019,Microsoft,Tech,,,ng,10-K,,
.,"We built on this pledge by adding commitments to be water positive by 2030, zero waste by 2030, and to protect ecosystems by developing a Planetary Computer.",789019,Microsoft,Tech,,,ng,10-K,,
.,"By 2030 Microsoft will be carbon negative, and by 2050 Microsoft will remove from the environment all the carbon the company has emitted directly or by electrical consumption since it was founded in 1975.",789019,Microsoft,Tech,,,ng,10-K,,
.,"In 2020, these included a climate-related metric to use 75% renewable energy globally during the year, which supports our 2030 goal to achieve 100% renewable energy use across our global manufacturing operations.",50863,Intel,Tech,,,ng,10-K,,
.,"Through our 2030 goals we will continue to drive to higher levels of operational efficiency, including a further 10% reduction in our carbon emissions on an absolute basis even as we continue to grow.",50863,Intel,Tech,,,ng,10-K,,
.,"In 2020, we conserved more than 155 million kWh of energy in support of our new 2030 goal to conserve an additional 4 billion kWh of energy over the next 10 years.",50863,Intel,Tech,,,ng,10-K,,
.,"Regarding metrics and goals, for two decades we have set aggressive GHG reduction goals, including our 2020 goal to reduce our direct GHG emissions by 10% on a per-unit basis from 2010 levels, which we are on track to achieve.",50863,Intel,Tech,,,ng,10-K,,
.,"In 2019, we announced our commitment to reduce our carbon equivalent emissions 50% by 2030 and achieve carbon equivalent net zero emissions by 2050.",1701605,Baker Hughes,Energy,,,ng,10-K,,
.,"In 2019, we announced our commitment to reduce our carbon equivalent emissions 50% by 2030 and achieve net zero by 2050.",1701605,Baker Hughes,Energy,,,ng,10-K,,
.,"In addition, the report includes a commitment to achieve Scope 1 and Scope 2 carbon neutrality by 2030 or sooner, a full scenario analysis demonstrating the resilience of our portfolio including a scenario fully compliant with the goals of the Paris Agreement, and a description of innovative nature-based carbon capture projects used to mitigate emissions that cannot be eliminated.",1509991,Kosmos Energy,Energy,,,ng,10-K,,
.,"Commit to a 2.1% annual reduction in carbon emissions, with the goal to achieve a 40% reduction by 2030 and a 50% reduction by 2035.",354950,Home Depot,Consumer,,,ng,10-K,,
.,These include goals to reach net zero Scope 1 and 2 greenhouse gas emissions for our direct operations and zero waste to landfill at our wholly owned and operated parks and resorts by 2030.,1744489,Disney,,,,ng,10-K,,
.,"We have also pledged to achieve net-zero emissions by 2025, move to zero waste and plan for water risk.",1467373,Accenture,,,,ng,10-K,,
.,We have committed to reducing our Scope 1 and 2 emissions 68% per square foot and Scope 3 emissions from purchased goods and services and fuel- and energy-related activities 24% per square foot by 2030.,1297996,Digital Realty Trust,Real Estate,,,sa,10-K,0001558370-21-002191,
x,Net Zero Commitment by 2050,914208,Invesco,Finance,,,sa,website pdf,https://www.invesco.com/corporate/dam/jcr:5f8945c0-6345-4e9f-9f00-04b920f868ec/ESG_Investment_Stewardship_Report_Corporate.pdf,
.,"UPDATED GHG Emissions: Reduce Scope 1, 2 and 3 emissions on an absolute basis by 30% by 2030 (2.5% annually); Scope 1 and 2 goal is validated by the Science Based Targets initiative",740260,Ventas,Real Estate,,,sa,website,https://www.ventasreit.com/corporate-responsibility/esg-goals,
x,We are targeting a 10% reduction in greenhouse gas emissions and energy and water usage by 2025 from our 2018 baseline.,766704,Welltower,Real Estate,,,sa,,,
,"To address concerns about greenhouse gases as a pollutant, we: • closely monitor legislative, regulatory and scientific developments pertaining to climate change; • adopted in 2006, as part of the company's sustainability program, a goal of reducing greenhouse gas emissions by 40 percent by 2020 compared with our emissions in 2000, assuming a comparable portfolio and regulations; • determined to achieve this goal by increasing energy efficiency and using more greenhouse gas-neutral, biomass fuels instead of fossil fuels and • reduced greenhouse gas emissions by over 50 percent considering changes in the asset portfolio according to 2018 data, compared to our 2000 baseline.",,,Real Estate,,,sa,,,
,,,,,,,sa,,0001564590-21-006960,
.,"In addition to our 2025 Goals, in November 2021, we announced plans to: (1) reduce absolute Scope 1 and 2 global GHG emissions by 50% by 2030 from 2020 base year; (2) reduce absolute Scope 3 global GHG emissions by 25% by 2030 from 2020 base year; and (3) reach net-zero global GHG emissions for Scopes 1, 2 and 3 by 2040.",804328,Qualcomm,Tech,,,ng,10-K,,
.,"In addition to the human capital goals discussed below, our 2025 Goals related to corporate responsibility include, among others:•Reduce our absolute Scope 1 and Scope 2 GHG emissions by 30% from global operations, compared to a 2014 baseline.",804328,Qualcomm,Tech,,,ng,10-K,,
.,"In 2020, we announced our intention to set science-based targets in accordance with the Paris Agreement to reduce our greenhouse gas emissions.",100885,Union Pacific Corporation,Transport,,,ng,10-K,,
.,Our goal is to achieve a 40% reduction by 2030 and a 50% reduction by 2035.,354950,Home Depot,Consumer,,,ng,10-K,,
.,"In 2018, we set a science-based target goal in connection with our annual CDP reporting (discussed below) with commitments to a 2.1% annual reduction in carbon emissions.",354950,Home Depot,Consumer,,,ng,10-K,,
.,"Our Corporate Responsibility Report (CRR) states our commitment to be carbon neutral by calendar year 2030 and achieve net zero emissions by calendar year 2050, to conserve resources by consuming less energy and water, to comply with our code of business conduct and ethics, and to apply fair labor standards, among other things.",6281,Analog Devices,Tech,,,ng,10-K,,
.,"In fiscal 2020, we attained our science-based greenhouse gas reduction target of 43% emissions reduced since fiscal 2009 and we have announced a new commitment to being net-zero emissions by the end of fiscal 2021.",769397,Autodesk,Tech,,,ng,10-K,,
.,"Using 2019 as a baseline, we have set a target to reduce our scope 1 and scope 2 emissions by 15% by 2025.",813672,Cadence Design Systems Inc,Tech,,,ng,10-K,,
.,"Reduce the GHG emissions intensity of HP’s product portfolio use (which refers to per unit GHG emissions during anticipated product lifetime use weighted by contribution of personal systems and printing products to overall revenue arising from the use of more than 99% of HP product units shipped each year) by 30% by 2025, compared to 2015",47217,HP,Tech,,,ng,10-K,,
.,"Reduce first-tier production supplier and product transportation-related GHG emissions intensity (which refers to the portion of first-tier production and product transportation suppliers’ reported GHG emissions attributable to HP divided by HP’s annual net revenue) by 10% by 2025, compared to 2015",47217,HP,Tech,,,ng,10-K,,
.,"Aligned to the Paris Agreement, we set a goal to be carbon neutral by 2030 and outlined three strategies to reach that goal: utilize 100% renewable energy, reduce our greenhouse gas (“GHG”) emissions using guidance established by the Science Based Targets initiative and to offset remaining emissions by investing in quality carbon offset programs.",1327567,Palo Alto Networks Inc,Tech,,,ng,10-K,,
.,"Synopsys has committed to ambitious CSR goals, including, for example, a pledge to reduce our Scope 1 and Scope 2 greenhouse gas emissions by 25% by 2024, compared with our 2018 baseline.",883241,Synopsys,Tech,,,ng,10-K,,
.,"We met both of our 2020 climate goals ahead of schedule and developed a more aggressive goal for 2030, to reduce our absolute scope 1 and 2 emissions by 40% below 2016 levels.",60667,LOWES COMPANIES INC,Consumer Discretionary,,,rl,10-K,,
.,"Table of Contents Sustainability and Social Impact Guided by our 2025 sustainability and social impact goals, as well as the United Nations Sustainable Development Goals, we believe we have an opportunity to create a positive and sustainable impact wherever we do business.",1048286,MARRIOTT INTERNATIONAL INC,Consumer Discretionary,,,rl,10-K,,
.,we made progress toward our 2030 climate action target with the addition of significant investments in renewable energy projects in the U.S.,63908,MCDONALDS CORP,Consumer Discretionary,,,rl,10-K,,
.,"In December 2018, we announced a goal to reduce carbon emissions from our facilities by 25% by 2025 from our 2015 baseline as part of the Company's Stewardship Program",916365,TRACTOR SUPPLY CO,Consumer Discretionary,,,rl,10-K,,
.,"An absolute reduction of Scope 1 and 2 greenhouse gas emissions of 55% by 2030, from a 2017 baseline year",103379,V F CORP,Consumer Discretionary,,,rl,10-K,,
.,"An absolute reduction of Scope 3 greenhouse gas emissions of 30% by 2030, from a 2017 baseline year focusing on farm-to-retail materials, sourcing operations and logistics.",103379,V F CORP,Consumer Discretionary,,,rl,10-K,,
x,During the second quarter 2020 we took advantage of an opportunity to accelerate certain components of this plan and we now expect to be substantially completed by the end of 2022.,96943,TELEFLEX INC,Health Care,,,rl,10-K,,
,,,,,,,,,,
,,,,,,,,,,
,,,,,,,,,,
.,"We have also pledged to achieve net-zero emissions by 2025, move to zero waste and plan for water risk.",1467373,Accenture,Information Technology,,,jl,10-K 04/04/2022,,
.,"The Company’s environmental goals, collectively called “Strive 35” – an ambitious plan to, by 2035, reduce from a 2019 baseline absolute Scope 1 and 2 greenhouse gas (GHG) emissions by 25 percent, reduce absolute Scope 3 emissions by 25 percent, reduce energy intensity by 15 percent, reduce water intensity by 10 percent, and achieve a 90 percent landfill diversion rate – are part of an aggressive plan to continue to reduce the Company’s environmental footprint.From plant-based proteins to probiotics, the Company is growing nutrition trends, working closely with customers to create custom, delicious solutions from nature to meet consumer preferences.",7084,ADM,Consumer Staples,,,jl,10-K 02/17/2022,,
.,"By 2025, the Company aims to reduce absolute GHG emissions by 1.5%, reduce energy intensity and water intensity by 6% and 5%, respectively, and achieve 87% of its waste diverted from landfill.",7084,ADM,Consumer Staples,,,jl,10-K 02/17/2022,,
.,ADM aims to reduce its absolute Scope 3 emissions by 25% from a 2019 baseline by 2035.The Company anticipates spending between $170 million to $300 million on capital projects to achieve the Strive 35 targets.,7084,ADM,Consumer Staples,,,jl,10-K 02/17/2022,,
.,"The Company continues to use internal and external resources to identify opportunities and take action to reduce its GHG emissions globally to meet its continued commitment to mitigate the effects of climate change.10Item 1.BUSINESS (Continued)In 2020, ADM announced its environmental stewardship goals, collectively called “Strive 35” – an ambitious plan to, by 2035, reduce absolute Scope 1 and 2 GHG emissions by 25 percent from a 2019 baseline, reduce energy intensity by 15 percent, reduce water intensity by 10 percent, and achieve a 90 percent landfill diversion rate.",7084,ADM,Consumer Staples,,,jl,10-K 02/17/2022,,
.,"In 2021, ADM announced its Scope 3 GHG reduction goal, focused upon the five most material Scope 3 categories for the Company: purchased goods and services; fuel and energy related emissions; upstream transportation and distribution; waste; and processing of solid products/goods.",7084,ADM,Consumer Staples,,,jl,10-K 02/17/2022,,
.,"Our StrategyAES is an industry leader in developing and growing the solutions that will enable the transition to low-carbon sources of energy and achievement of the Paris Agreement's goal of net-zero emissions by 2050.Today we see an enormous business opportunity from the once-in-a-lifetime transformation of the electricity sector driven by decarbonization, electrification, and digitalization.",874761,AES,Utilities,,,jl,10-K 02/28/2022,,
.,"As part of this process, it is possible that the applicable state environmental 49 | 2021 Annual Reportregulatory agency or the EPA may require reductions of emissions from our generating stations to reach attainment status for ozone, fine particulate matter, NOX, or SO2.",874761,AES,Utilities,,,jl,10-K 02/28/2022,,
.,"In 2021, we announced new short and long-term targets, with the ultimate goal of reaching net-zero carbon emissions by 2040.",766421,Alaska Air Group,Industrials,,,jl,10-K 02/11/2022,,
.,Our sustainability goals are anchored by our commitment to reduce our carbon emissions.,766421,Alaska Air Group,Industrials,,,jl,10-K 02/11/2022,,
.,"We are investing in technology and people to reduce energy consumption, greenhouse gas emissions and air emissions of ozone-depleting substances.",915913,Albemarle,Materials,,,jl,10-K,,
.,"The 2020 report detailed the positive impact of A. O. Smith’s highly efficient products, highlighted our company’s commitment to employees and the communities in which we operate, and announced our first greenhouse gas emissions reduction goal of 10% by 2025.",91142,A. O. Smith Corporation,Industrials,,,jl,DEF 14A 2022-03-03,,
.,"Our primary source of carbon emissions is from the operation of our hotels. In 2020, as a result of the COVID-19 pandemic, we experienced a significant decrease in utility consumption across our global portfolio, primarily as a result of reduced occupancy and the complete or partial suspensions of hotel operations. During 2021, we began to recover from the negative impacts of the pandemic and, while some hotels were suspended for some period of time during the year, the majority of hotels that had suspended operations for some time during 2020 were reopened before or during 2021. As such, we experienced a year-over-year increase in consumption of energy, water and waste in 2021 as occupancy rates increased. However, consumption remained below 2019 levels, and we remain on track to achieve our 2030 Goals.",1585689,Hilton Worldwide Holdings Inc.,Consumer Discretionary,,,jl,10-K 2022-02-16,,
.,Our dedication to a sustainable future of our planet goes beyond just our products with our proud commitment to being carbon neutral by 2040.,1521332,Aptiv PLC,,,,jl,DEF 14A 2022-03-14,,
.,"In addition, we will continue to look for ways to reduce our carbon footprint by investments in renewable energy credits and working with our brand partners to identify ways to work together to reduce Scope 3 emissions.",1403568,Ulta Beauty,,,,jl,10-K 2022-03-25,,
.,Achieve Net Zero by 2030 and run a carbon neutral business now.,1370637,ETSY INC,,,,jl,10-K 2022-02-25,,
.,50% absolute reduction in Scope 1+2 greenhouse gas emissions by 2030.,1370637,ETSY INC,,,,jl,10-K 2022-02-26,,
.,13.5% absolute reduction in Scope 3 greenhouse gas emissions by 2030.,1370637,ETSY INC,,,,jl,10-K 2022-02-27,,
.,"Offset 100% of measured Scope 1, 2, and 3 emissions.",1370637,ETSY INC,,,,jl,10-K 2022-02-28,,
.,"By year end 2030, we aim to achieve a 50% absolute reduction in Scope 1+2 greenhouse gas emissions and a 52% reduction in Scope 3 greenhouse gas emissions per dollar of gross profit from a 2020 base year.",1370637,ETSY INC,,,,jl,10-K 2022-02-29,,
.,"By year end 2040, we aim to achieve a 90% absolute reduction in Scope 1+2 greenhouse gas emissions and 97% reduction in Scope 3 greenhouse gas emissions per dollar of gross profit from a 2020 base year.",1370637,ETSY INC,,,,jl,10-K 2022-02-30,,
.,"Continue to offset 100% of measured Scope 1, 2, and 3 greenhouse gas emissions annually.",1370637,ETSY INC,,,,jl,10-K 2022-02-31,,
.,"Since 2019, Etsy.com has been a carbon neutral business, offsetting 100% of our unabated carbon emissions across all measured Scope 1, 2, and 3 categories each year.",1370637,ETSY INC,,,,jl,10-K 2022-02-32,,
.,"In Fiscal 2021, we publicly announced certain environmental and sustainability goals for 2025, 2030 and 2050 that focus on reducing our greenhouse gas emissions and increasing our annual sourcing of renewable electricity in our owned and operated facilities.",1336917,"Under Armour, Inc.",,,,jl,10-K 2022-02-23,,
.,Planet: 17.5% reduction in emissions by 2025 from a 2018 baseline aligned with a science-based target methodology,1300514,LAS VEGAS SANDS CORP,,,,jl,DEF 14A 2022-03-30,,
.,"We have set two new significant commitments on greenhouse gas emissions, including a commitment to set and reach Science Based Targets by 2035 and achieve net zero carbon emissions by 2050.",1286681,DOMINOS PIZZA INC,,,,jl,DEF 14A 2022-03-17,,
.,"We have set two new significant commitments on greenhouse gas emissions, including a commitment to set and reach Science Based Targets by 2035 and achieve net zero carbon emissions by 2050.",1286681,DOMINOS PIZZA INC,,,,jl,10-K 2022-03-01,,
.,To reduce or offset all carbon dioxide (CO2) produced by our operations no later than 2050.,1174922,WYNN RESORTS LTD,,,,jl,DEF 14A 2022-03-24,,
.,To stop and reverse year-over-year growth of operational carbon dioxide (CO2) emissions by 2030.,1174922,WYNN RESORTS LTD,,,,jl,DEF 14A 2022-03-25,,
.,Carbon Dioxide Emissions peak by 2030,1174922,WYNN RESORTS LTD,,,,jl,DEF 14A 2022-03-26,,
.,To increase Wynn’s supply of renewable energy produced or procured to at least 50 percent of total consumption by 2030.,1174922,WYNN RESORTS LTD,,,,jl,DEF 14A 2022-03-27,,
.,eBay continued its work to reach its goal of 100% renewable energy by 2025 and signed its second virtual power purchase agreement in 2021.,1065088,EBAY INC,,,,jl,10-K 2022-02-24,,
.,"In our continued efforts to address climate change, we announced an updated carbon reduction goal that has been approved by the Science Based Target initiative: eBay commits to reduce its own (scope 1 and scope 2) emissions 90% by 2030 from a 2019 base year and to reduce value chain (scope 3) emissions from downstream transportation and distribution by 20% in the same timeframe.",1065088,EBAY INC,,,,jl,10-K 2022-02-25,,
.,We will also be carbon neutral for our scope 1 and 2 emissions by the end of 2021 and each year moving forward.,1065088,EBAY INC,,,,jl,10-K 2022-02-26,,
.,"In November 2021, we announced that Chipotle set science-based targets with the Science Based Targets initiative (“SBTi”) to reduce absolute Scope 1, 2 and 3 greenhouse gas (GHG) emissions by 50% by 2030 from a 2019 base year.",1058090,CHIPOTLE MEXICAN GRILL INC,,,,jl,DEF 14A 2022-04-02,,
.,"In September 2021, we submitted a letter to the Science Based Targets initiative (SBTi), committing to (1) set science-based emissions reduction targets across all scopes, in line with 1.5°C emissions scenarios, and (2) set a long-term science-based target to reach net-zero value chain greenhouse gas (GHG) emissions by no later than 2050, in line with the criteria and recommendations of SBTi.",1048286,MARRIOTT INTERNATIONAL INC /MD/,,,,jl,10-K 2022-02-15,,
x,"The Climate Pledge is Amazon’s commitment to be net-zero carbon by 2040, and we are on a path to powering our operations with 100% renewable energy by 2025.",1018724,AMAZON COM INC,,,,jl,10-K 2022-04-14,,
x,"With our co-founder Global Optimism, in 2019 we announced The Climate Pledge, a commitment to be net-zero carbon across our business by 2040, a decade ahead of the Paris Agreement’s goal of 2050.",1018724,AMAZON COM INC,,,,jl,10-K 2022-04-15,,
x,Shipment Zero is our goal of delivering 50% of Amazon shipments with net-zero carbon by 2030.,1018724,AMAZON COM INC,,,,jl,10-K 2022-04-16,,
x,Amazon commited [sic] to achieve net-zero carbon emissions by 2040.,1018724,AMAZON COM INC,,,,jl,10-K 2022-04-17,,
x,"Shipment Zero: The company’s vision is to make all Amazon shipments net zero carbon, delivering 50% of shipments with net zero carbon by 2030.”",1018724,AMAZON COM INC,,,,jl,10-K 2022-04-18,,
x,"We are on a path to powering our operations with 100% renewable energy by 2025, five years ahead of its original goal of 2030, and making 50% of all shipments net-zero carbon by 2030.",1018724,AMAZON COM INC,,,,jl,10-K 2022-04-19,,
x,"We are taking steps to significantly reduce the environmental impact of our operations in communities by continuing to electrify our delivery vehicles and transportation network and working to power our operations with 100% renewable energy by 2025, five years ahead of our original target of 2030, as part of our goal to reach net-zero carbon by 2040.",1018724,AMAZON COM INC,,,,jl,10-K 2022-04-20,,
.,"In December 2018, we announced a goal to reduce carbon emissions from our facilities by 25% by 2025 from our 2015 baseline as part of the Company's Stewardship Program.",916365,TRACTOR SUPPLY CO /DE/,,,,jl,10-K 2022-02-17,,
.,"In December 2021, we released our 2020 Task Force on Climate-Related Financial Disclosures Report, following the announcement of our goal in September 2021 to reduce our carbon footprint by 50% by 2030 and achieve net zero missions across all operations by 2040.",916365,TRACTOR SUPPLY CO /DE/,,,,jl,10-K 2022-02-17,,
.,We’ve set a goal to achieve 45% of our revenue from EVs by 2030 and carbon neutrality by 2035 – building on decades of industry leadership in vehicle efficiency.,908255,BORGWARNER INC,,,,jl,DEF 14A 2022-03-18,,
.,Goal to become carbon neutral in our operations – our Scope 1 and Scope 2 emissions* – by 2035,908255,BORGWARNER INC,,,,jl,DEF 14A 2022-03-19,,
.,Destination Net Zero is our decarbonization strategy that focuses on how to achieve net zero emissions by 2050 and assessing the feasibility of establishing Science-Based Targets.,884887,ROYAL CARIBBEAN CRUISES LTD,,,,jl,10-K 2022-03-01,,
.,"In fiscal 2021, rooted in science, grounded in Starbucks Mission and Values, and informed by comprehensive market research and trials, Starbucks finalized 2030 environmental goals to cut our carbon, water, and waste footprints by half, working from a fiscal 2019 baseline. Carbon: 50% absolute reduction in scope 1, 2, and 3 greenhouse gas emissions representing all of Starbucks direct operations and value chain",829224,STARBUCKS CORP,,,,jl,DEF 14A 2022-01-28,,
,,,,,,,,,,
,,,,,,,,,,
,,,,,,,,,,
.,"We recognize that air travel impacts the environment and have committed to develop an intermediate, science-based target for reducing GHG emissions by the year 2035 with the goal to achieve net-zero carbon emissions by 2050.",6201,american airlines group,,,,kk,10-K Dec 2021,,6201-22-000026
.,"In 2021, we announced new short and long-term targets, with the ultimate goal of reaching net-zero carbon emissions by 2040.",766421,alaska airlines group,,,,kk,10-K Dec 2021,,0000766421-22-000009
.,"The PLANET 2050 strategy includes nine specific goals to achieve by 2030, including science-based carbon dioxide reduction targets for newly sold products and facilities, as well as aspirational targets for 2050.",26172,cummins inc,,,,kk,10-K Dec 2021,,0000026172-22-000008
.,"For example, we intend to invest $1.0 billion through 2030 toward airline carbon neutrality and to establish ambitious new medium- and long-term goals to reduce our emissions, but we are unable to achieve the latter goals using our existing fleet, current technologies and available fuel sources.",27904,delta air lines,,,,kk,10-K Dec 2021,,0000027904-22-000003
.,In March 2021 we announced our goal to achieve carbon neutrality for our global operations by calendar 2040.,1048911,fedex corp,,,,kk,10-K Dec 2020,,0001564590-21-037031
.,We continue to work towards our goal to reduce aircraft emissions intensity by 30% from a 2005 baseline by calendar 2020.,1048911,fedex corp,,,,kk,10-K Dec 2019,,0001564590-20-032775
.,"For us, this means social and economic progress while protecting our environment and improving resilience.Leadership on climate change and social valueIn April 2020, we published our first company Climate Action Plan committing to 100% renewable energy for our operations in 20201, net zero carbon for our operations and business travel in 2020, and being carbon negative for our operations and business travel by 2030.",52988,jacobs engineering group,,,,kk,10-K Oct 2020,,0000052988-20-000070
.,The target aims to reduce U.S. emissions by 50-52% compared to a 2005 baseline by 2030.,52988,jacobs engineering group,,,,kk,10-K Oct 2021,,0000052988-21-000065
.,"In 2021, the Company announced goals to (i) achieve carbon neutrality by 2050, (ii) maintain carbon neutral growth (to 2019 levels) through the end of the decade, and (iii) reduce carbon emissions intensity per available seat mile (including scope 1 and scope 2 emissions) by at least 20 percent by 2030.",92380,southwest airlines,,,,kk,10-K Dec 2021,,0000092380-22-000007
.,"As part of our strategic long-term plans to address sustainability, we are committed to reducing our absolute Scope 1 and Scope 2 greenhouse gas emissions 35% by 2030 among other sustainability goals.",1060391,republic services,,,,kk,10-K Dec 2020,,0001060391-22-000007
.,"The carbon neutrality target includes third-party approved science-based targets to reduce absolute scope 1 and 2 greenhouse gas emissions by greater than 100% by 2030, and to reduce supply chain emissions by 35%.",93556,stanley black & decker inc,,,,kk,10-K Jan 2022,,0000093556-22-000015
.,"Additionally, in 2019, we announced our 2030 commitment which targets reducing one gigaton – one billion metric tons – of carbon emissions (CO2e) from our customers’ footprint by 2030.",1466258,trane technology,,,,kk,10-K Dec 2021,,0001466258-22-000031
.,"The Company's earnest intention on meeting the net zero GHG emission goal led the Company to commit to a mid-term objective of reducing, compared to 2019, its carbon intensity by 50% by 2035.",100517,united airlines holdings inc,,,,kk,10-K Dec 2021,,0000100517-22-000009
.,"At the end of 2020, the Company pledged to become 100% green by eliminating its greenhouse gas (""GHG"") emissions by 2050 without relying on the use of traditional carbon offsets, the only airline globally to make this commitment.",100517,united airlines holdings inc,,,,kk,10-K Dec 2021,,0000100517-22-000009
.,"As part of our more ambitious 2030 sustainability goals announced in the first quarter of 2021, we are aiming to reduce our Scope 1 and 2 GHG emissions by 70% compared to our 2015 baseline and work with our supply chain to reduce Scope 3 GHG emissions by 30% against our 2018 baseline, in each case by 2030, with an ambition to be net zero by 2050.",8818,avery dennison corp,,,,kk,10-K Jan 2022,,0001193125-22-049910
.,"In 2019, DuPont announced its 2030 Sustainability Goals, including its Acting on Climate Goal - to reduce its greenhouse gas (GHG) emissions by 30 percent, measured from a base year of 2019, including sourcing 60 percent of electricity for operations from renewable energy and delivering carbon neutral operations by 2050.",1666700,dupont de nemours,,,,kk,10-K Dec 2021,,0001666700-22-000009
.,"The objective of the Acting on Climate goal is to reduce the Company’s greenhouse gas (GHG) emissions by 30 percent, measured from a base year of 2019, including sourcing 60 percent of electricity for operations from renewable energy and delivering carbon neutral operations by 2050.",1666700,dupont de nemours,,,,kk,10-K Dec 2021,,0001666700-22-000009
.,"Targets include reducing the Company's net annual greenhouse gas emissions by an additional 5 million metric tons by 2030, compared with its 2020 baseline, a reduction of approximately 15 percent.",1751788,dow inc,,,,kk,10-K Dec 2021,,0001751788-22-000011
.,"At Dow's largest European manufacturing site in Terneuzen, The Netherlands, the Company has outlined a multi-generational plan to reduce current carbon emissions at the site by more than 40 percent by 2030, as part of the Company's goal to reduce Company-wide carbon emissions an additional 15 percent by 2030, and to be carbon neutral by 2050.",1751788,dow inc,,,,kk,10-K Dec 2021,,0001751788-22-000011
.,"Eastman has committed to reduce its absolute scope 1 (direct GHG emissions occurring from sources that are owned by Eastman) and scope 2 (indirect GHG associated with the purchase of electricity, steam, heat, or cooling and are a result of Eastman's energy use) emissions by one-third by 2030 in order to achieve carbon neutrality by 2050, and to innovate to provide products that enable energy savings and GHG emissions reductions to customers and end-users.Eastman focuses on the triple challenge of Climate, Circularity, and Caring for Society.",915389,eastman chemical company,,,,kk,10-K Dec 2021,,0000915389-22-000010
.,"As part of FMC’s continued commitment to address climate change, in August of 2021, FMC announced its goal to achieve net-zero GHG emissions by 2035 FMC.",37785,fmc corp,,,,kk,10-K Dec 2021,,0000037785-22-000025
.,"In addition, to build on our progress towards energy and resource reduction, in August of 2021, FMC announced its goal of net-zero GHG emissions across its entire value chain (i.e., Scopes 1, 2 and 3) by 2035.",37785,fmc corp,,,,kk,10-K Dec 2021,,0000037785-22-000025
.,"For example, we have made public commitments regarding our intended reduction of carbon emissions, including our Vision 2030 Goal of reducing Scope 1, 2 and 3 GHG emissions by 35% and establishing science-based targets to reduce those emissions.",51434,international paper company,,,,kk,10-K Dec 2021,,0000051434-22-000016
.,"Moreover, as part of our Vision 2030 goals, we have targeted incremental reductions of 35% in our Scope 1, 2, and 3 GHG emissions in comparison to 2019 levels.",51434,international paper company,,,,kk,10-K Dec 2021,,0000051434-22-000016
.,"JetBlue is committed to mitigating climate risk and our environmental vision is to lead the way toward a lower carbon future of aviation, with an ultimate target of achieving net-zero carbon emissions by 2040.",1158463,jetblue,,,,kk,10-K Dec 2021,,001158463-22-000017
.,"By 2025, the Company aims to reduce absolute GHG emissions by 1.5%, reduce energy intensity and water intensity by 6% and 5%, respectively, and achieve 87% of its waste diverted from landfill.",7084,archer daniels midland,,,,kk,10-K Dec 2021,,0000007084-22-000008
.,ADM aims to reduce its absolute Scope 3 emissions by 25% from a 2019 baseline by 2035.The Company anticipates spending between $170 million to $300 million on capital projects to achieve the Strive 35 targets.,7084,archer daniels midland,,,,kk,10-K Dec 2021,,0000007084-22-000008
.,"We have been continuing to work to reduce emissions and in November 2021, we announced our goal of net zero greenhouse gas emissions across our full value chain (including Scope 1 through 3 greenhouse gas emissions) by 2050.“Net zero emissions” refers to achieving a balance between greenhouse gas emissions released through human activities and those removed from the atmosphere.",1103982,mondelez international,,,,kk,10-K Dec 2021,,0001103982-22-000003
.,"We intend to reduce the use of natural resources in our operations as demonstrated by the following goals, which we believe can be managed within our normal operating budget without significant incremental spend: ·Reduce carbon emissions 75% by 2030 (over a 2009 baseline) and become carbon neutral by 2040.",764478,best buy company,,,,kk,10-K Jan 2021,,0000764478-22-000008
.,"Since 2008, we have reduced our average greenhouse gas emissions per restaurant by 32 percent, as measured in accordance with the Corporate Accounting and Reporting Standard of the Greenhouse Gas Protocol.Greenhouse Gas (GHG) EmissionsFiscal Year Ended(in metric tons CO2e) May 31, 2020May 26, 2019May 27, 2018(2)Average Per Restaurant (1) (2)424 444 460 Total - Scope 1 and 2 (2)774,200 783,940 766,302 (1)Per restaurant Intensity Ratio includes only Scope 1 and 2 totals (as defined in the Corporate Accounting and Reporting Standard of the GHG Protocol) divided by the total number of restaurants.",940944,darden restaurants,,,,kk,10-K May 2021,,0000940944-21-000041
.,"We plan to be carbon neutral by 2040 in our global products and operations, supported by a commitment to science-based targets.",1467858,general motors company,,,,kk,10-K Dec 2020,,
.,"We are now in the process of setting science-based targets for our greenhouse gas emission reductions with a near-term 2030 goal, based on limiting emissions to keep warming below 1.5°C above pre-industrial levels, and a long-term 2050 goal, based on net-zero emissions across our value chain.",46080,hasbro inc,,,,kk,10-K Dec 2020,,
.,"In late 2021, we submitted new science-based greenhouse gas goals to the Science-Based Targets Initiative which call for an additional 50% reduction in direct emissions and 30% reduction in indirect emissions by 2030.",1359841,hanesbrands inc,,,,kk,10-K Jan 2021,,0001359841-22-000094
.,"In connection with the opening of this array, we enhanced our climate ambition by announcing two new 2030 goals: to cut global total operational carbon emissions by 950%, and source 100% renewable electricity in the USA.",789570,mgm resorts international,,Soft Statement. No specified year.,,kk,10-K Dec 2020,,0000789570-22-000005
.,"Accordingly, the U.S. administration set a new target on April 22, 2021 of a 50 to 52 percent reduction in GHG emissions from 2005 levels in 2030.",1163165,conocophillips,,,,kk,10-K Dec 2021,,0001562762-22-000031
.,"In September 2021, we increased our interim operational target and have set it to reduce our gross operated and net equity (scope 1 and 2) emissions intensity by 40 to 50 percent from 2016 levels by 2030, an improvement from the previously announced target of 35 to 45 percent on only a gross operated basis, with an ambition to achieve net-zero operated emissions by 2050.",1163165,conocophillips,,,,kk,10-K Dec 2021,,0001562762-22-000031
.,Our commitment includes: ●Net-zero ambition for operational (scope 1 and 2) emissions by 2050 with active advocacy for a price on carbon to address end-use (scope 3) emissions; ●Targeting a reduction in gross operated and net equity operational GHG emissions intensity by 40 to 50 percent from 2016 levels by 2030;,1163165,conocophillips,,,,kk,10-K Dec 2021,,0001562762-22-000031
.,"10 percent reduction target for methane emissions intensity by 2025 from a 2019 baseline, in addition to the 65 percent reduction we have made since 2015;",1163165,conocophillips,,,,kk,10-K Dec 2021,,0001562762-22-000031
.,"These plans include actions that are expected to reduce absolute corporate-wide greenhouse gas emissions by approximately 20%, including an estimated 70% reduction in methane emissions, 60% reduction in flaring emissions and 30% reduction in upstream emissions.",34088,exxonmobil,,,,kk,10-K Dec 2021,,0000034088-22-000011
.,The company’s plans to reduce greenhouse gas emissions through 2030 compared to 2016 levels support its net-zero ambition.,34088,exxonmobil,,,,kk,10-K Dec 2021,,0000034088-22-000011
.,"By 2030, we aim to:•achieve net-zero emissions across all of our operations and value chain",1652044,alphabet,,,,kk,10-K Dec 2021,,0001652044-22-000019
.,"In January 2020, we announced a bold commitment and detailed plan to be carbon negative by 2030, and to remove from the environment by 2050 all the carbon we have emitted since our founding in 1975.",789019,microsoft,,,,kk,10-K Dec 2021,,0001564590-21-039151
.,"In January 2019, we made a commitment to reduce Scope 1 and 2 carbon emissions from our operations by 50% by 2030, achieving net zero emissions by 2050",1701605,baker hughes,,,,kk,10-K Dec 2021,,0001701605-22-000050
,,,,,,,,,,
,,,,,,,,,,
,,,,,,,,,,
.,"In order to mitigate the worst impacts of climate change, the Intergovernmental Panel on Climate Change estimates that a 45% reduction in anthropogenic GHG emissions globally is needed (from 2010 levels) by 2030 to stabilize global temperatures (Global Warming of 1.5 degrees C, IPCC, Oct 2018).",1041061,Yum! Brands,Consumer Discretionary,,,zz,DEF 14A 2019-04-05,,
.,"In 2017 we achieved our 22% reduction target in energy consumption, as compared to our 2005 baseline, for company-owned and reporting franchise groups.",1041061,Yum! Brands,Consumer Discretionary,,,zz,DEF 14A 2019-04-05,,
.,The 2017 target followed up on our successful achievement of our 15% reduction goal in 2015.,1041061,Yum! Brands,Consumer Discretionary,,,zz,DEF 14A 2019-04-05,,
.,The Company currently has a publicly stated goal to reduce average restaurant energy use and greenhouse gas emissions by an additional 10 percent by the end of 2025.,1041061,Yum! Brands,Consumer Discretionary,,,zz,DEF 14A 2019-04-05,,
.,"Additionally, in 2021, Xylem announced our commitment to reach Net Zero greenhouse gas emissions before 2050 across our value chain, further aligning our long-term commitment to sustainability with sector-wide moves towards reduced carbon footprint.",1524472,Xylem,Industrials,,,zz,10-K 2022-02-25,,
.,"We have developed, and will continue to establish, goals, targets, and other objectives related to sustainability matters, including our sustainability goals as well as commitments to preliminary Science-Based Targets aligned to limiting global temperature increase to 1.5°C above pre-industrial level, in line with the Paris Agreement, by 2030 and net zero greenhouse gas (GHG) emissions (Scope 1, 2 and 3) before 2050.",1524472,Xylem,Industrials,,,zz,10-K 2022-02-25,,
x,"Extended clean energy vision to the natural gas business, committing to reduce greenhouse gas emissions 25% by 2030 and deliver net-zero natural gas by 2050 across supply, distribution and customer use",72903,Xcel Energy,Utilities,,,zz,,,
.,"Between 2011 and 2019, Former Caesars reduced its absolute Scope 1 and 2 greenhouse gas (“GHG”) emissions by 19.7%.",1590895,Caesars Entertainment,Consumer Discretionary,,,zz,DEF 14A 2022-04-01,,
.,"In 2019, Former Caesars further committed to mitigating its impact on climate change by updating previously approved science based targets to be in line with well below 2 degrees Celsius per SBTi: (i) reducing absolute Scope 1 and 2 GHG emissions by 35% by 2025, and 100% by 2050 from a 2011 base-year and (ii) having 60% of suppliers by spend institute science-based GHG reduction targets for their operations by 2023.",1590895,Caesars Entertainment,Consumer Discretionary,,,zz,DEF 14A 2022-04-01,,
.,Reduce our customers’ carbon footprint by more than 1 gigaton - by 2030,1783180,Carrier,Industrials,,,zz,DEF 14A 2022-04-01,,
.,"In 2022, our progress towards reducing Scope 1 and Scope 2 greenhouse gases will be a factor in determining payouts under our executive short-term incentive plan.",1781335,Otis,Industrials,,,zz,10-K 2022-04-01,,
.,"In 2021, we accelerated our commitment to reduce GHG emissions intensity, revising our goal to achieve a 50% reduction of GHG emissions intensity from 2017.",1659166,Fortive,Industrials,,,zz,PRE 14A 2022-04-08,,
.,"We also aim to achieve carbon neutral emissions globally by 2050, and we support the United Nations Sustainable Development Goal to take urgent action on climate change.",1579241,Allegion,Industrials,,,zz,DEF 14A 2022-04-19,,
.,Our commitment to Net Zero greenhouse gas emissions by 2021,1524472,Xylem,Industrials,,,zz,DEF 14A 	2022-03-29,,
.,"In 2021, Xylem committed to preliminary science-based targets aligned to limiting global temperature increase to 1.5ºC above pre-industrial level, in line with the Paris Agreement, by 2030 and net zero greenhouse gas (GHG) emissions (Scope 1, 2 and 3) before 2050.",1524472,Xylem,Industrials,,,zz,DEF 14A 	2022-03-29,,
.,"In 2010, Leidos pledged to reduce greenhouse gas (“GHG”) emissions by 25% by 2020.",1336920,Leidos,Industrials,,,zz,DEF 14A 	2022-03-16,,
.,"We have achieved a 44% reduction in greenhouse gas emissions since 2010, exceeding the Company's long-term goal.",1133421,Northrop Grumman,Industrials,,,zz,DEF 14A 	2022-04-01,,
.,"In 2021, we compiled the first global inventory of our greenhouse gas (GHG) emissions (starting with fiscal year 2020) and are developing a GHG monitoring and management plan. We have set a goal to reduce our combined direct emissions (“Scope 1”) and indirect emissions from purchased energy (“Scope 2”) in company operations, normalized for revenue, by 40% from 2020 levels by the end fiscal year 2040.",1094285,Teledyne,Industrials,,,zz,DEF 14A 	2022-03-10,,
.,"UPS’s ESG goals include a plan to become carbon neutral across our global operations, including our airline, by 2050",1090727,United Parcel Service,Industrials,,,zz,DEF 14A 	2022-03-21,,
.,"Shareholders request that UPS adopt independently verified short, medium, and long-term science-based greenhouse gas emissions reduction targets, inclusive of emissions from its full value chain, in order to achieve net-zero emissions by 2050 or sooner and to attain appropriate emissions reductions prior to 2030, in line with the Paris Agreement’s goal of maintaining global temperature rise at 1.5 degrees Celsius.",1090727,United Parcel Service,Industrials,,,zz,DEF 14A  2022-03-21,,
.,"We established a greenhouse gas (GHG) emission reduction goal to reduce our combined scope 1 and 2 emissions by 40%, normalized to sales, by 2035, from a 2019 baseline.",1037868,Ametek,Industrials,,,zz,DEF 14A  2022-03-14,,
.,"In 2010, we set a goal to cut greenhouse gas emissions intensity 30%, from a 2008 baseline, by 2022.",1024478,Rockwell Automation,Industrials,,,zz,DEF 14A 2021-12-22,,
.,"In November 2020, we announced our goal to be carbon neutral by 2030 (scope 1 and 2 emissions).",1024478,Rockwell Automation,Industrials,,,zz,DEF 14A 2021-12-22,,
.,"Additionally, our Scope 1 and Scope 2 greenhouse gas emissions decreased by approximately 12% from 2018 to 2020.",878927,Old Dominion,Industrials,,,zz,DEF 14A 2022-04-18,,
.,We exceeded our fiscal 2021 goal for greenhouse gas intensity with a 20% reduction from fiscal 2020 levels.,833444,Johnson Controls,Industrials,,,zz,DEF 14A,,
.,Reduce global Scope 1 and Scope 2 greenhouse gas emissions by an additional 10% per dollar of sales from 2018 levels by 2024,773840,Honeywell,Industrials,,,zz,DEF 14A 2022-03-15,,
.,"Honeywell’s legacy of greenhouse gas emissions reduction provides significant credibility; interest in capital allocation, interim goals, use of carbon offsets, and plans for achieving carbon neutrality by 2035.",773840,Honeywell,Industrials,,,zz,DEF 14A 2022-03-15,,
.,"In July 2021, we announced an emissions reduction target, approved by the Science Based Targets initiative (SBTi), to achieve a 42% reduction in scope 1 and 2 greenhouse gas emissions intensity by 2034.",702165,Norfolk Southern,Industrials,,,zz,DEF 14A 2022-03-31,,
.,"In 2020, CSX became the first railroad in the United States to align with the Science Based Targets initiative, setting a goal to reduce GHG emissions intensity by 37.3% by 2030, using 2014 as a baseline.",277948,CSX,Industrials,,,zz,DEF 14A 2022-03-22,,
.,"Under this plan, for the period from 2020-2025, we will focus on achieving the following goals: Reduce greenhouse gas emission intensity by 20%; Reduce energy use intensity by 10%; Reduce water use intensity by 10%; and Reduce waste generation intensity by 10%.",217346,Textron,Industrials,,,zz,DEF 14A 2022-03-04,,
.,"In February 2021, Union Pacific announced a science-based target to reduce absolute Scope 1 and 2 greenhouse gas (GHG) emissions by 26% by 2030 from a 2018 baseline.",100885,Union Pacific,Industrials,,,zz,DEF 14A 2022-03-29,,
.,"To show progress on its pledge to become 100% green by achieving net-zero greenhouse gas emissions by 2050 without relying on the use of traditional carbon offsets, United committed to a mid-term goal of reducing, compared to 2019, its carbon intensity by 50% by 2035.",100517,United Airlines,Industrials,,,zz,DEF 14A 2022-04-14,,
.,"Accordingly, we have announced several bold, quantifiable and time-bound ESG goals, which include pledging to become 100% green by achieving net zero greenhouse gas (“GHG”) emissions by 2050 without relying on the use of traditional carbon offsets and to meet a mid-term objective of reducing our carbon intensity by 50%, compared to 2019, by 2035.",100517,United Airlines,Industrials,,,zz,DEF 14A 2022-04-14,,
.,"The 2020 report detailed the positive impact of A. O. Smith’s highly efficient products, highlighted our company’s commitment to employees and the communities in which we operate, and announced our first greenhouse gas emissions reduction goal of 10% by 2025.",91142,A. O. Smith,Industrials,,,zz,DEF 14A 2022-03-03,,
.,"Since 2010, we have reduced energy intensity (MWh/USD) by 42% and greenhouse gas intensity (MT/USD) by 50%.",76334,Parker,Industrials,,,zz,DEF 14A 2021-09-24,,
.,"In 2019, we announced a greenhouse gas emissions intensity reduction target and met that target by the end of 2020. In early 2021, we set a new target to reduce by 2030 the combined Scope 1 and Scope 2 greenhouse gas emissions per U.S. dollar of operating revenue by 40 percent below 2017 levels.",49826,Illinois Tool Works,Industrials,,,zz,DEF 14A 2022-03-25,,
.,"In early 2021, we set a new target to reduce by 2030 the combined Scope 1 and Scope 2 greenhouse gas emissions per U.S. dollar of operating revenue by 40 percent below 2017 levels.",49826,Illinois Tool Works,Industrials,,,zz,DEF 14A 2022-03-25,,
.,"Announced ambition in July 2021 to be a net-zero company by 2050, including greenhouse gas emissions from customers’ use of sold products in response to a shareholder proposal in 2021 that GE supported",40545,GE,Industrials,,,zz,DEF 14A 2022-03-17,,
.,"Our commitment to sustainability was evidenced by a much improved CDP score in 2021 of A-, reflecting the company’s focused attention and coordinated action on climate issues, including the establishment of a science-based, company-wide goal of reducing greenhouse gas (GHG) emissions by 40% by 2034.",40533,General Dynamics,Industrials,,,zz,DEF 14A 2022-03-24,,
.,"Last year, we accelerated our commitment to Environmental, Social and Governance (ESG) priorities, announcing a market-leading sustainability commitment to net-zero greenhouse gas emissions by 2040 enabled by the Equifax Cloud.",33185,Equifax,Industrials,,,zz,DEF 14A 2022-03-24,,
.,"As highlighted on the prior page, 2021 was a key milestone year in our ESG journey, as we made several meaningful initial quantitative disclosures and committed to reaching net-zero greenhouse gas emissions by 2040.",33185,Equifax,Industrials,,,zz,DEF 14A 2022-03-24,,
.,"Expanded our commitment to ESG issues, including through the issuance of quantitative disclosures related to Inclusion and Diversity in accordance with the EEO-1 and SASB frameworks and making a commitment to net-zero greenhouse gas emissions by 2040—a market-leading sustainability commitment enabled by our Equifax Cloud transformation.",33185,Equifax,Industrials,,,zz,DEF 14A 2022-03-24,,
.,"In 2019, we committed to reducing our GHG emissions by 20%, normalized to sales, across our manufacturing and shared services facilities by the year 2028.",32604,Emerson,Industrials,,,zz,DEF 14A 2021-12-10,,
.,Achieved net-zero greenhouse gas emissions from manufacturing and other facilities again in 2021,12927,Boeing,Industrials,,,zz,DEF 14A 2022-03-11,,
.,"In 2021, we identified and funded more than 100 projects that are expected to deliver a reduction in our greenhouse has (GHG) emissions of 21.5% based on our projected business volumes by 2024, and we will prepare comprehensive plans to further reduce our GHG emissions by 2030 that will take us closer to the possibility of net-zero by 2050.",4281,Howmet Aerospace,Industrials,,,zz,DEF 14A 2022-04-08,,
.,"A 6.2% decrease in greenhouse gas (GHG) emissions and 3.0% decline in energy consumption, each as compared to 2020, in 2021.",4281,Howmet Aerospace,Industrials,,,zz,DEF 14A 2022-04-08,,
.,"HPE is committed to becoming net zero across our value chain by 2050, with intermediate science-based climate targets set for 2025 across our operations, supply chain, and product use phase.",1645590,Hewlett Packard Enterprise,Information Technology,,,zz,DEF 14A 2022-02-16,,
.,"Driven by our ISO 14001:2015-certified Environmental Management System and guided by international initiatives such as the United Nations Sustainable Development Goals and the Paris Agreement, Keysight has made it a priority to reduce the company’s environmental impact by committing to achieve net zero emissions in company operations by the end of Fiscal Year 2040, while providing solutions that support our customers’ goals and enable sustainability innovation.",1601046,Keysight,Information Technology,,,zz,DEF 14A 2022-01-24,,
.,"For example, we have reduced our greenhouse gas emissions by 27% on an absolute basis since fiscal 2010 and we have reduced our water usage by 29% on an absolute basis since fiscal 2010, in each case based on fiscal 2020 data.",1385157,TE Connectivity,Information Technology,,,zz,DEF 14A 2022-01-13,,
.,"In September, we announced our revised goal to achieve net-zero greenhouse gas emissions by 2030.",1373715,ServiceNow,Information Technology,,,zz,DEF 14A 2022-04-22,,
.,"That is why we pledged to reach net-zero emissions in our supply chain by 2040. This goal builds on Science Based Targets initiative-approved goals to reduce greenhouse gases, a first for the payments industry.",1141391,Mastercard,Information Technology,,,zz,DEF 14A 2022-04-29,,
.,"Accelerated our commitment to reach net-zero by 2040, building on our existing commitments to reduce greenhouse gas emissions aligned with a 1.5-degree Celsius climate trajectory.",1141391,Mastercard,Information Technology,,,zz,DEF 14A 2022-04-29,,
.,"In addition to the annual incentive changes described on pg 77, the operational carbon neutrality metric was replaced for 2022 by two environment-based metrics measuring performance against our 2025 SBTi goals of reducing Scope 1 and 2 carbon emissions (based on a 2016 base year) and supplier engagement responsiveness to reporting to the CDP and disclosing greenhouse gas emissions information.",1141391,Mastercard,Information Technology,,,zz,DEF 14A 2022-04-29,,